{"best/epoch": 0, "best/precision": 0.0008099121405355838, "best/recall": 0.027227579139642, "best/mAP_0.5": 0.0005025336298053944, "best/mAP_0.5:0.95": 0.00011377279605893754, "Labels": {"_type": "images/separated", "width": 1600, "height": 1600, "format": "jpg", "count": 2, "filenames": ["media/images/Labels_0_ddb4b29c59b20d5c56a4.jpg", "media/images/Labels_0_a09086ac7fbb3b332fc5.jpg"], "captions": ["labels.jpg", "labels_correlogram.jpg"]}, "Mosaics": {"_type": "images/separated", "width": 1920, "height": 1920, "format": "jpg", "count": 3, "filenames": ["media/images/Mosaics_0_c2b39e1ae8e38500e36b.jpg", "media/images/Mosaics_0_30d3bf9e21f9f1d09aa9.jpg", "media/images/Mosaics_0_89e164201c08ac4003fe.jpg"], "captions": ["train_batch0.jpg", "train_batch1.jpg", "train_batch2.jpg"]}, "train/box_loss": 0.09339722990989685, "train/obj_loss": 0.04857027530670166, "train/cls_loss": 0.06978225708007812, "metrics/precision": 0.0008099121405355838, "metrics/recall": 0.027227579139642, "metrics/mAP_0.5": 0.0005025336298053944, "metrics/mAP_0.5:0.95": 0.00011377279605893754, "val/box_loss": 0.08907106518745422, "val/obj_loss": 0.03208118677139282, "val/cls_loss": 0.06231620907783508, "x/lr0": 0.07005791505791506, "x/lr1": 0.003326898326898327, "x/lr2": 0.003326898326898327, "_timestamp": 1678197440, "_runtime": 265, "_step": 0}